{"cameraMode":{"drawMode":0,"name":"Shaded","section":"Shading Mode"},"sceneLighting":true,"audioPlay":false,"sceneViewState":{"m_AlwaysRefresh":false,"showFog":true,"showSkybox":true,"showFlares":true,"showImageEffects":true,"showParticleSystems":true,"showVisualEffectGraphs":true,"m_FxEnabled":true},"in2DMode":false,"pivot":{"x":-0.22497770190238954,"y":-0.24649640917778016,"z":9.175743103027344},"rotation":{"x":0.17784573137760163,"y":0.013590614311397076,"z":-0.002453594235703349,"w":0.983982264995575},"size":26.45269012451172,"orthographic":false}